id,name,gender,age,nickname,phone,email
1,Ennis,M,,,010-5356-6969,elyfield0@hhs.gov
2,Josh,M,,,010-3169-2516,jamner1@cdbaby.com
3,Elisabetta,F,52,eayrs2,010-0354-5489,elippard2@360.cn
4,Pascale,,15,ppaladino3,010-2032-3367,
5,Jereme,M,30,jlynskey4,010-8526-0125,jmenary4@biblegateway.com
6,Erin,F,58,ewinterbourne5,010-4381-9285,eyard5@dmoz.org
7,Decca,M,65,dscotfurth6,010-4140-4790,dchittem6@github.io
8,Lola,F,60,lcrowthe7,010-8989-7516,lmcphelimey7@cam.ac.uk
9,Israel,M,45,iyarnley8,010-6295-5387,ileving8@blog.com
10,Esme,M,27,eprigg9,010-7135-5451,eannott9@state.gov
11,Hube,M,61,hvigoursa,010-4317-1067,hveeversa@prweb.com
12,Danit,,,,010-0831-7529,
13,Ransell,M,36,rethingtonc,010-0877-3258,rbredeec@cdc.gov
14,Robin,M,60,rrenneked,010-5059-8508,rmorriced@ask.com
15,Lillian,F,50,lmillerye,010-6375-3394,libele@ebay.co.uk
16,Mallory,F,21,mcastledinef,010-9170-7479,mlermitf@slate.com
17,Leigh,M,65,lcudbertsong,010-0295-7982,lsherrattg@intel.com
18,Helenelizabeth,,54,hhaddenh,010-3945-2757,
19,Kimball,M,47,krourkei,010-7465-1688,kdanksi@imdb.com
20,Franciska,F,38,fborboroughj,010-2836-8567,flarkkemj@typepad.com
21,Royal,M,60,rtolerk,010-2948-7908,rdegank@wix.com
22,Eloise,F,,,010-8872-1582,edugalll@hud.gov
23,Maurie,M,28,mstrobandm,010-4327-9670,mmcmenemym@wufoo.com
24,Ashely,F,23,abaggsn,010-2336-0623,abushn@paginegialle.it
25,Inge,F,38,igillumo,010-8535-4109,ilivocko@dailymotion.com
26,Byrle,M,50,bkeyhoep,010-7113-5837,bgrenshielsp@technorati.com
27,Ivie,F,59,itzukerq,010-6308-7105,ilanbertoniq@t.co
28,Gray,,,,010-0703-4783,
29,Olivier,M,,,010-7804-1303,ospats@nymag.com
30,Kelbee,M,57,ktoombst,010-1712-8669,kpeachamt@youtube.com
31,Portia,F,57,phigounetu,010-5232-5696,pjankowskiu@fema.gov
32,Micheline,,24,mfearneleyv,010-7198-2999,
33,Elwyn,,27,emcaveyw,010-9455-3420,
34,Gusty,,25,gserraillierx,010-0589-3721,
35,Sauveur,M,32,shardery,010-4136-8379,smarkliny@amazon.com
36,Silva,F,64,sbartonz,010-2649-1071,sridouttz@google.fr
37,Kale,M,37,kjanson10,010-6609-6680,klowne10@unesco.org
38,Stafford,M,40,staberner11,010-2663-7183,swickmann11@mayoclinic.com
39,Kettie,,18,kbeatens12,010-5915-5798,
40,Adelina,,62,apeppin13,010-7432-5030,
41,Glenn,F,15,gdeakin14,010-3535-9489,gdarrington14@ted.com
42,Franky,M,17,fvellden15,010-5763-3315,fscrine15@alibaba.com
43,Gregory,M,30,gteare16,010-8875-6311,gsmales16@google.com.au
44,Alie,F,15,apourveer17,010-4046-7039,acheine17@alibaba.com
45,Horten,,55,hvarren18,010-7805-4117,
46,Frasier,,48,folongain19,010-5988-6590,
47,Bobina,F,,,010-6682-6566,breyburn1a@dailymotion.com
48,Darb,M,28,dgodman1b,010-7389-4507,dstovell1b@princeton.edu
49,Ajay,F,53,amccartney1c,010-4947-9001,alodin1c@paginegialle.it
50,Chris,,62,cwoodruffe1d,010-9196-4439,
51,Elfrida,F,64,ehealing1e,010-0903-5092,eroddie1e@scribd.com
52,Ivan,M,65,idebeauchamp1f,010-9669-1469,ialeksic1f@bbb.org
53,Nicolea,F,25,nhedling1g,010-9254-7581,nflecknell1g@cnet.com
54,Belinda,,62,byerrill1h,010-1282-8919,
55,Davita,F,48,dvenning1i,010-1910-8150,dkeel1i@rediff.com
56,Isabelita,,51,icounsell1j,010-1612-1195,
57,Konstantine,M,63,kbroadbury1k,010-4859-1230,kshropsheir1k@ft.com
58,Steffane,F,37,ssaffill1l,010-8905-6010,skenningham1l@sbwire.com
59,Karlee,F,39,kjiroutka1m,010-8792-4394,khartles1m@moonfruit.com
60,Sumner,M,35,smachel1n,010-2724-0347,smettricke1n@reuters.com
61,Von,M,48,vlemmer1o,010-9738-1562,vcasserley1o@booking.com
62,Bertina,F,19,bpaulisch1p,010-7677-2102,bbasindale1p@independent.co.uk
63,Pippy,F,37,pmedley1q,010-8771-2270,pcleobury1q@behance.net
64,Fidole,M,38,ffolan1r,010-1001-8197,fcicculi1r@shinystat.com
65,Storm,,16,sbeavors1s,010-3146-0358,
66,Georgena,,17,glifton1t,010-7844-3284,
67,Suzie,,60,swilflinger1u,010-4792-4668,
68,Jobey,F,42,jclemenzi1v,010-0765-2351,jriggert1v@php.net
69,Horton,,55,hmattevi1w,010-7791-5257,
70,Chrissy,M,51,cburnel1x,010-8462-2518,cdye1x@wisc.edu
71,Maisey,F,57,mlegendre1y,010-1078-3066,msagg1y@theglobeandmail.com
72,Raf,F,23,rbertie1z,010-8271-6691,rharker1z@i2i.jp
73,Vinnie,M,,,010-3753-2565,vvogelein20@unesco.org
74,Gregg,M,,,010-8898-1705,gkirmond21@ehow.com
75,Sarine,F,20,sallsobrook22,010-4915-9090,scrisp22@twitter.com
76,Bondon,M,55,bstollsteimer23,010-2907-3314,bdiack23@foxnews.com
77,Angelica,F,59,agirke24,010-5992-2787,amakey24@hc360.com
78,Nettie,F,,,010-3770-2051,npunton25@soup.io
79,Arabella,F,27,adimbylow26,010-4946-8398,ashilstone26@go.com
80,Flore,F,,,010-2993-5340,fchichgar27@skyrock.com
81,Devina,F,55,dpeppard28,010-6567-5831,dpepineaux28@yelp.com
82,Briny,,27,bharbage29,010-7030-7854,
83,Neel,,35,nsandiland2a,010-7472-1981,
84,Myrvyn,M,24,miaduccelli2b,010-9093-9276,mbrimmacombe2b@ft.com
85,Nicolina,F,29,nattawell2c,010-5355-4960,nganiclef2c@linkedin.com
86,Lem,M,59,lhurtado2d,010-6330-5769,lscrimshire2d@jiathis.com
87,Lesley,F,58,lbole2e,010-1277-7325,llea2e@netvibes.com
88,Ramon,M,60,rwenham2f,010-2964-6551,rgisburne2f@chron.com
89,Tomasina,,24,tfretter2g,010-2556-1799,
90,Aldin,M,54,apowner2h,010-0334-4781,akilliam2h@google.fr
91,Rafi,M,,,010-1762-3185,rlitel2i@shop-pro.jp
92,Sarine,F,19,sfeldklein2j,010-1806-4290,svogeler2j@so-net.ne.jp
93,Drucill,F,26,drosiello2k,010-9489-0744,dbourgour2k@cocolog-nifty.com
94,Federico,M,56,fhardway2l,010-2989-0538,fbrise2l@cam.ac.uk
95,Sabina,F,,,010-3050-0340,smagor2m@hatena.ne.jp
96,Jorey,F,,,010-2667-0391,jblaise2n@eventbrite.com
97,Junia,F,27,jgland2o,010-3196-4589,jszymonwicz2o@nih.gov
98,Patin,M,53,pbreddy2p,010-6850-3648,psallier2p@psu.edu
99,Kiel,M,,,010-0245-8336,kwanka2q@aboutads.info
100,Rori,F,,,010-9680-1932,rhabbergham2r@ucoz.ru
101,Franciska,,24,fmckeighen2s,010-1244-8273,
102,Guendolen,F,18,gmathwin2t,010-2527-7840,groels2t@xrea.com
103,Heath,M,,,010-0954-8119,heccersley2u@ucla.edu
104,Gaylord,M,44,ghenderson2v,010-3063-7860,gpiscot2v@mozilla.com
105,Shannon,M,65,ssmaling2w,010-0208-8324,sbreach2w@opensource.org
106,Izabel,,51,ireeders2x,010-5143-0107,
107,Bronnie,,35,bdupre2y,010-2352-2433,
108,Susan,,25,stremayle2z,010-7122-7273,
109,Hewe,,18,hfishley30,010-8746-8144,
110,Lena,,55,lvassall31,010-7054-0953,
111,Nadeen,,35,nalder32,010-0323-8938,
112,Sherwood,M,,,010-6763-9839,swickson33@paypal.com
113,Xylia,F,48,xpollastro34,010-9456-6745,xdanskine34@i2i.jp
114,Elora,F,41,eroskilly35,010-1463-6620,eogrady35@berkeley.edu
115,Andres,,42,amackibbon36,010-5838-5592,
116,Shelton,,58,smadrell37,010-8808-0807,
117,Chucho,M,,,010-9187-3076,cnanetti38@indiatimes.com
118,Tripp,M,33,thedan39,010-4104-6741,tcongram39@washington.edu
119,Maighdiln,,,,010-7448-1574,
120,Ramona,F,43,rmateev3b,010-2407-3445,rharvie3b@aboutads.info
121,Dael,M,18,dmeece3c,010-8976-5716,dlucas3c@unc.edu
122,Deeyn,F,18,dlaughton3d,010-6234-6075,dkitteridge3d@zimbio.com
123,Gerrie,F,47,gupton3e,010-7030-8962,gmcclifferty3e@senate.gov
124,Calhoun,M,43,cagott3f,010-0181-7698,cdrinnan3f@vinaora.com
125,Hestia,F,41,hbolstridge3g,010-1500-5835,hpibworth3g@sogou.com
126,Carena,,32,cbendley3h,010-3265-7372,
127,Wood,M,61,wvanstone3i,010-0914-9703,wbalmadier3i@fc2.com
128,Phineas,M,65,pramalhete3j,010-2139-0378,pivanikhin3j@japanpost.jp
129,Aristotle,,50,aventuroli3k,010-9148-8036,
130,Lari,F,53,lhuckell3l,010-5336-5489,lpargeter3l@youtu.be
131,Urson,M,48,uughi3m,010-7427-4873,ubuttriss3m@irs.gov
132,Peyter,,56,pthunnerclef3n,010-3751-5831,
133,Oralla,,,,010-3702-0535,
134,Geri,M,29,gnewton3p,010-5019-4575,gbenardette3p@amazon.de
135,Conan,M,42,csquirrel3q,010-7870-5621,cwiddowes3q@europa.eu
136,Janel,,,,010-9222-9646,
137,Korie,F,55,khebblethwaite3s,010-2852-4250,kbush3s@miitbeian.gov.cn
138,Nappie,M,18,nbenneyworth3t,010-3769-9602,nleete3t@sohu.com
139,Bryn,,37,bhachard3u,010-0014-0818,
140,Gardy,M,,,010-2028-7461,gdebrett3v@dropbox.com
141,Zahara,,17,zhayball3w,010-1675-6267,
142,Dugald,M,52,dennion3x,010-3878-9200,dgrimwood3x@cafepress.com
143,Cybill,,15,cmercey3y,010-2485-3212,
144,Jesse,M,26,jdelahunty3z,010-8299-5829,jgarmston3z@cbc.ca
145,Sylvan,,19,stattersfield40,010-4777-7895,
146,Gallagher,,60,gculshaw41,010-1516-9800,
147,Lorilee,F,58,lfarnfield42,010-7052-8198,ljakubovics42@rediff.com
148,Ddene,F,52,dfisby43,010-8479-8412,dloveard43@cbc.ca
149,Ruthy,F,17,rrodenburgh44,010-3942-0310,rfairs44@elegantthemes.com
150,Hugues,M,44,hdevine45,010-3994-3347,harnaldo45@ft.com
151,Hurley,,,,010-8340-1870,
152,Haleigh,F,29,hcarberry47,010-1066-5139,hcurnick47@wiley.com
153,Claudius,M,61,cludy48,010-4945-0539,cstockney48@who.int
154,Darryl,,27,dlaise49,010-4977-0968,
155,Nicky,F,47,nmaletratt4a,010-5700-8069,nwhitely4a@ftc.gov
156,Stanly,,20,ssturdey4b,010-3684-1713,
157,Berget,F,,,010-0021-8198,bhudd4c@ebay.com
158,Tim,,23,ttichner4d,010-8771-2749,
159,Gabbie,,65,grubroe4e,010-2527-5414,
160,Collin,,24,cscupham4f,010-1651-3236,
161,Brittan,F,61,bflintoff4g,010-1059-2239,bklicher4g@rakuten.co.jp
162,Amory,M,63,amarle4h,010-4947-0713,ayakutin4h@pcworld.com
163,Staford,M,44,sjosse4i,010-7542-3323,sjohananov4i@jiathis.com
164,Katuscha,F,37,kabbotson4j,010-5286-0448,kputtock4j@tiny.cc
165,Joshuah,M,34,jnavarre4k,010-9086-2709,jsalerg4k@ow.ly
166,Norrie,,,,010-5295-3654,
167,Ward,,,,010-2064-2734,
168,Ewart,,27,ecrawcour4n,010-3146-4542,
169,Zoe,F,31,zdelacourt4o,010-5340-3754,zlapworth4o@360.cn
170,Nap,M,15,nlennie4p,010-6087-7876,ningrem4p@umich.edu
171,Lacie,F,64,lkalinke4q,010-5373-3175,ldidball4q@diigo.com
172,Carlota,F,,,010-4729-2859,cgleder4r@epa.gov
173,Tamra,F,47,tmishaw4s,010-4077-7594,tbier4s@vkontakte.ru
174,Leese,,16,lswiffin4t,010-6982-2062,
175,Duffie,M,,,010-2484-7341,dskells4u@psu.edu
176,Erinna,F,20,efryers4v,010-0366-6486,ekrzyzaniak4v@senate.gov
177,De witt,M,31,dpretorius4w,010-6578-5803,dstobbs4w@hatena.ne.jp
178,Luise,,53,liohananof4x,010-6586-1150,
179,Leonelle,F,,,010-0300-1468,lbreckwell4y@youtu.be
180,Meyer,M,,,010-9014-2624,mbenoiton4z@prweb.com
181,Kylie,F,57,kblumsom50,010-5692-6834,kdoxey50@tripadvisor.com
182,Sharron,F,25,sguilloneau51,010-3466-1477,sgerckens51@tmall.com
183,Karoly,M,,,010-9030-9554,kbaukham52@ebay.com
184,Hurley,,43,hfranzschoninger53,010-1430-7746,
185,Findley,M,23,ffarington54,010-2988-0277,fwillingale54@wikipedia.org
186,Marybelle,,28,mchapple55,010-5954-9055,
187,Vin,,17,vbollans56,010-6293-9480,
188,Shannon,M,35,sphilo57,010-9135-1551,seastgate57@scribd.com
189,Isa,F,51,imagovern58,010-0412-2269,imarston58@liveinternet.ru
190,Raleigh,,,,010-7130-4841,
191,Phillipe,,20,planghorne5a,010-5223-1713,
192,Saw,M,55,ssharrock5b,010-3035-6424,smccullouch5b@reference.com
193,Guenevere,,34,ggrisewood5c,010-6688-6881,
194,Isac,M,39,iwhybray5d,010-6665-7161,imansell5d@bbc.co.uk
195,Robb,M,38,rgreenan5e,010-9013-5329,rorable5e@kickstarter.com
196,Mindy,,46,mosbourne5f,010-8622-9716,
197,Barth,,,,010-5771-9959,
198,Morna,F,60,mhammerich5h,010-0636-7681,maldam5h@ox.ac.uk
199,Barbie,F,53,bglenton5i,010-5380-4955,bbangham5i@etsy.com
200,Engelbert,,24,eclegg5j,010-6201-7855,
